Accuracy,Precision,Recall,F1 Score,Model,Dataset,Classification Report
0.729,0.711,0.729,0.704,KNN,processed_data,
0.8045197740112995,0.7933863626207721,0.8045197740112995,0.7942713531642112,RandomForest,processed_data,"              precision    recall  f1-score   support

           0       0.83      0.79      0.81       284
           1       0.61      0.43      0.51       151
           2       0.83      0.94      0.88       450

    accuracy                           0.80       885
   macro avg       0.76      0.72      0.73       885
weighted avg       0.79      0.80      0.79       885
"
0.781,0.767,0.781,0.77,LogisticRegression,processed_data,
0.776,0.765,0.776,0.766,SVM,processed_data,
0.7966101694915254,0.7451263331571457,0.7067800129202984,0.7182134323263355,Ensemble,processed_data,
